종목코드,종목명
005930,삼성전자
000660,SK하이닉스
005380,현대차
005935,삼성전자우
373220,LG에너지솔루션
207940,삼성바이오로직스
402340,SK스퀘어
012450,한화에어로스페이스
329180,HD현대중공업
000270,기아
034020,두산에너빌리티
105560,KB금융
028260,삼성물산
068270,셀트리온
035420,NAVER
042660,한화오션
055550,신한지주
012330,현대모비스
010130,고려아연
032830,삼성생명
015760,한국전력
267260,HD현대일렉트릭
006400,삼성SDI
009540,HD한국조선해양
005490,POSCO홀딩스
086790,하나금융지주
035720,카카오
010140,삼성중공업
064350,현대로템
298040,효성중공업
006800,미래에셋증권
034730,SK
000810,삼성화재
247540,에코프로비엠
316140,우리금융지주
196170,알테오젠
086520,에코프로
051910,LG화학
009150,삼성전기
138040,메리츠금융지주
042700,한미반도체
003670,포스코퓨처엠
096770,SK이노베이션
011200,HMM
267250,HD현대
033780,KT&G
086280,현대글로비스
272210,한화시스템
024110,기업은행
010120,LS ELECTRIC
047810,한국항공우주
066570,LG전자
352820,하이브
017670,SK텔레콤
0126Z0,삼성에피스홀딩스
030200,KT
003550,LG
277810,레인보우로보틱스
000150,두산
018260,삼성에스디에스
307950,현대오토에버
259960,크래프톤
071050,한국금융지주
039490,키움증권
010950,S-Oil
000720,현대건설
000250,삼천당제약
047050,포스코인터내셔널
298380,에이비엘바이오
323410,카카오뱅크
079550,LIG넥스원
278470,에이피알
005830,DB손해보험
005940,NH투자증권
005387,현대차2우B
326030,SK바이오팜
003230,삼양식품
950160,코오롱티슈진
000100,유한양행
007660,이수페타시스
000880,한화
003490,대한항공
377300,카카오페이
443060,HD현대마린솔루션
090430,아모레퍼시픽
016360,삼성증권
058470,리노공업
161390,한국타이어앤테크놀로지
180640,한진칼
141080,리가켐바이오
454910,두산로보틱스
028300,HLB
006260,LS
087010,펩트론
032640,LG유플러스
064400,LG씨엔에스
214370,케어젠
029780,삼성카드
078930,GS
001040,CJ
128940,한미약품
005385,현대차우
028050,삼성E&A
021240,코웨이
022100,포스코DX
034220,LG디스플레이
011070,LG이노텍
241560,두산밥캣
240810,원익IPS
001440,대한전선
088980,맥쿼리인프라
140410,메지온
267270,HD건설기계
138930,BNK금융지주
066970,엘앤에프
036570,엔씨소프트
052690,한전기술
108490,로보티즈
214450,파마리서치
214150,클래시스
175330,JB금융지주
450080,에코프로머티
009830,한화솔루션
271560,오리온
039030,이오테크닉스
000990,DB하이텍
082740,한화엔진
251270,넷마블
062040,산일전기
011790,SKC
002380,KCC
004020,현대제철
310210,보로노이
347850,디앤디파마텍
111770,영원무역
051900,LG생활건강
302440,SK바이오사이언스
403870,HPSP
357780,솔브레인
011780,금호석유화학
035250,강원랜드
036460,한국가스공사
017800,현대엘리베이터
103140,풍산
263750,펄어비스
011170,롯데케미칼
0009K0,에임드바이오
319400,현대무벡스
031210,서울보증보험
058610,에스피지
145020,휴젤
018880,한온시스템
237690,에스티팜
004990,롯데지주
030530,원익홀딩스
257720,실리콘투
457190,이수스페셜티케미컬
097950,CJ제일제당
014680,한솔케미칼
103590,일진전기
095340,ISC
068760,셀트리온제약
353200,대덕전자
489790,한화비전
004170,신세계
088350,한화생명
012750,에스원
071970,HD현대마린엔진
204320,HL만도
012510,더존비즈온
008930,한미사이언스
001720,신영증권
005290,동진쎄미켐
383220,F&F
009970,영원무역홀딩스
226950,올릭스
009420,한올바이오파마
439260,대한조선
064760,티씨케이
041510,에스엠
035900,JYP Ent.
001430,세아베스틸지주
160190,하이젠알앤엠
026960,동서
005850,에스엘
000240,한국앤컴퍼니
004800,효성
084370,유진테크
030000,제일기획
051600,한전KPS
001450,현대해상
028670,팬오션
139480,이마트
067310,하나마이크론
081660,미스토홀딩스
139130,iM금융지주
004370,농심
475830,오름테라퓨틱
023590,다우기술
023530,롯데쇼핑
000120,CJ대한통운
011210,현대위아
098460,고영
192820,코스맥스
003690,코리안리
290650,엘앤씨바이오
002790,아모레퍼시픽홀딩스
097230,HJ중공업
323280,태성
222800,심텍
361610,SK아이이테크놀로지
336260,두산퓨얼셀
083650,비에이치아이
065350,신성델타테크
00680K,미래에셋증권2우B
010060,OCI홀딩스
018670,SK가스
099320,쎄트렉아이
178320,서진시스템
039200,오스코텍
437730,삼현
140860,파크시스템스
069960,현대백화점
348370,엔켐
282330,BGF리테일
458870,씨어스테크놀로지
476830,알지노믹스
047040,대우건설
462870,시프트업
020150,롯데에너지머티리얼즈
445680,큐리옥스바이오시스템즈
032350,롯데관광개발
483650,달바글로벌
069620,대웅제약
036930,주성엔지니어링
101490,에스앤에스텍
006280,녹십자
000155,두산우
491000,리브스메드
089030,테크윙
466100,클로봇
007070,GS리테일
082270,젬백스
006040,동원산업
008770,호텔신라
319660,피에스케이
090710,휴림로봇
281740,레이크머티리얼즈
017960,한국카본
085660,차바이오텍
073240,금호타이어
375500,DL이앤씨
112610,씨에스윈드
031980,피에스케이홀딩스
060370,LS마린솔루션
395400,SK리츠
007810,코리아써키트
085620,미래에셋생명
005070,코스모신소재
161890,한국콜마
003570,SNT다이내믹스
035760,CJ ENM
034230,파라다이스
298020,효성티앤씨
007390,네이처셀
232140,와이씨
388720,유일로보틱스
003380,하림지주
006360,GS건설
195940,HK이노엔
293490,카카오게임즈
003540,대신증권
020560,아시아나항공
007310,오뚜기
120110,코오롱인더
032820,우리기술
096530,씨젠
080220,제주반도체
001120,LX인터내셔널
253450,스튜디오드래곤
007340,DN오토모티브
000500,가온전선
005440,현대지에프홀딩스
095610,테스
204270,제이앤티씨
122870,와이지엔터테인먼트
003090,대웅
003530,한화투자증권
077970,STX엔진
397030,에이프릴바이오
294870,HDC현대산업개발
030610,교보증권
183300,코미코
166090,하나머티리얼즈
131970,두산테스나
001800,오리온홀딩스
161580,필옵틱스
056080,유진로봇
036540,SFA반도체
484870,엠앤씨솔루션
347700,스피어
456160,지투지바이오
115180,큐리언트
218410,RFHIC
229640,LS에코에너지
330590,롯데리츠
174900,앱클론
300720,한일시멘트
137400,피엔티
124500,아이티센글로벌
001740,SK네트웍스
005300,롯데칠성
388210,씨엠티엑스
036830,솔브레인홀딩스
000080,하이트진로
043260,성호전자
415640,KB발해인프라
004000,롯데정밀화학
051915,LG화학우
056190,에스에프에이
249420,일동제약
185750,종근당
328130,루닛
100090,SK오션플랜트
078600,대주전자재료
000670,영풍
417200,LS머트리얼즈
000815,삼성화재우
285130,SK케미칼
071320,지역난방공사
006730,서부T&D
012630,HDC
192080,더블유게임즈
189300,인텔리안테크
089860,롯데렌탈
082640,동양생명
112040,위메이드
075580,세진중공업
348340,뉴로메카
137310,에스디바이오센서
009240,한샘
195870,해성디에스
365550,ESR켄달스퀘어리츠
280360,롯데웰푸드
048410,현대바이오
032190,다우데이타
006120,SK디스커버리
298050,HS효성첨단소재
181710,NHN
440110,파두
295310,에이치브이엠
348210,넥스틴
036810,에프에스티
241710,코스메카코리아
222080,씨아이에스
030190,NICE평가정보
006650,대한유화
499790,GS피앤엘
358570,지아이이노베이션
079160,CJ CGV
086900,메디톡스
281820,케이씨텍
003160,디아이
003240,태광산업
213420,덕산네오룩스
192400,쿠쿠홀딩스
490470,세미파이브
082920,비츠로셀
214430,아이쓰리시스템
376900,로킷헬스케어
389470,인벤티지랩
078160,메디포스트
100790,미래에셋벤처투자
00088K,한화3우B
064960,SNT모티브
042000,카페24
003470,유안타증권
486990,노타
336570,원텍
060250,NHN KCP
317450,명인제약
093370,후성
038500,삼표시멘트
052400,코나아이
376300,디어유
108320,LX세미콘
036530,SNT홀딩스
004490,세방전지
071055,한국금융지주우
125490,한라캐스트
225570,넥슨게임즈
100840,SNT에너지
000210,DL
383310,에코프로에이치엔
014620,성광벤드
090360,로보스타
488900,비츠로넥스텍
365340,성일하이텍
131290,티에스이
0001A0,덕양에너젠
468530,프로티나
066575,LG전자우
033500,동성화인텍
086450,동국제약
067160,SOOP
005690,파미셀
121600,나노신소재
399720,가온칩스
009450,경동나비엔
102710,이엔에프테크놀로지
102940,코오롱생명과학
009520,포스코엠텍
451800,한화리츠
476060,온코닉테라퓨틱스
069260,TKG휴켐스
007700,F&F홀딩스
060280,큐렉소
251970,펌텍코리아
014820,동원시스템즈
424870,이뮨온시아
025980,아난티
114090,GKL
003850,보령
003620,KG모빌리티
033100,제룡전기
002350,넥센타이어
211050,인카금융서비스
002020,코오롱
032500,케이엠더블유
214320,이노션
025540,한국단자
248070,솔루엠
023160,태광
381970,케이카
287840,인투셀
00104K,CJ4우(전환)
001680,대상
074600,원익QnC
001270,부국증권
053800,안랩
079900,전진건설로봇
005250,녹십자홀딩스
089970,브이엠
001060,JW중외제약
018290,브이티
039130,하나투어
005180,빙그레
041190,우리기술투자
372320,큐로셀
0120G0,삼양바이오팜
000640,동아쏘시오홀딩스
000370,한화손해보험
010780,아이에스동서
025320,시노펙스
293940,신한알파리츠
057050,현대홈쇼핑
478340,나라스페이스테크놀로지
064260,다날
278280,천보
019170,신풍제약
253590,네오셈
475150,SK이터닉스
420770,기가비스
950210,프레스티지바이오파마
268280,미원에스씨
127120,제이에스링크
008730,율촌화학
095660,네오위즈
383800,LX홀딩스
002840,미원상사
033240,자화전자
272290,이녹스첨단소재
101730,위메이드맥스
093320,케이아이엔엑스
058650,세아홀딩스
084110,휴온스글로벌
126340,비나텍
376270,HEM파마
005420,코스모화학
015750,성우하이텍
460930,현대힘스
094170,동운아나텍
001570,금양
456040,OCI
005880,대한해운
036620,감성코퍼레이션
030520,한글과컴퓨터
389650,넥스트바이오메디컬
006380,카프로
215600,신라젠
090460,비에이치
318060,그래피
044490,태웅
475960,토모큐브
079370,제우스
017940,E1
005389,현대차3우B
119850,지엔씨에너지
069080,웹젠
003545,대신증권우
002030,아세아
005810,풍산홀딩스
377740,바이오노트
322000,HD현대에너지솔루션
059090,미코
171090,선익시스템
001500,현대차증권
039440,에스티아이
356860,티엘비
002240,고려제강
004690,삼천리
228760,지노믹트리
027360,아주IB투자
089010,켐트로닉스
016610,DB증권
336370,솔루스첨단소재
455900,엔젤로보틱스
002960,한국쉘석유
045100,한양이엔지
003030,세아제강지주
093050,LF
042520,한스바이오메드
016380,KG스틸
053610,프로텍
105630,한세실업
220100,퓨쳐켐
252990,샘씨엔에스
368770,파이버프로
049630,재영솔루텍
494120,큐리오시스
192650,드림텍
094800,맵스리얼티
199800,툴젠
047920,HLB제약
090435,아모레퍼시픽우
484590,삼양컴텍
025900,동화기업
052020,에스티큐브
014830,유니드
083450,GST
450950,아스테라시스
117730,티로보틱스
006220,제주은행
053030,바이넥스
145720,덴티움
097520,엠씨넥스
284740,쿠쿠홈시스
105840,우진
041960,코미팜
058970,엠로
352480,씨앤씨인터내셔널
050890,쏠리드
271940,일진하이솔루스
000400,롯데손해보험
200710,에이디테크놀로지
170900,동아에스티
034310,NICE
104830,원익머트리얼즈
067630,HLB생명과학
006110,삼아알미늄
453340,현대그린푸드
017810,풀무원
230360,에코마케팅
475400,씨메스
200670,휴메딕스
145990,삼양사
179900,유티아이
394800,쓰리빌리언
026890,스틱인베스트먼트
016800,퍼시스
215200,메가스터디교육
003300,한일홀딩스
009900,명신산업
178920,PI첨단소재
016590,신대양제지
389500,에스비비테크
298830,슈어소프트테크
029530,신도리코
000070,삼양홀딩스
009410,태영건설
107640,한중엔시에스
194480,데브시스터즈
091810,티웨이항공
462350,이노스페이스
122640,예스티
425420,티에프이
183190,아세아시멘트
004700,조광피혁
031330,에스에이엠티
348950,제이알글로벌리츠
206650,유바이오로직스
010170,대한광통신
161000,애경케미칼
037270,YG PLUS
114190,강원에너지
046890,서울반도체
099190,아이센스
060720,KH바텍
309710,아이티켐
079940,가비아
002710,TCC스틸
001510,SK증권
448730,삼성FN리츠
340570,티앤엘
130660,한전산업
078340,컴투스
089890,코세스
015360,INVENI
099440,스맥
029460,케이씨
357120,코람코라이프인프라리츠
033640,네패스
041830,인바디
034950,한국기업평가
200130,콜마비앤에이치
089590,제주항공
460860,동국제강
448900,한국피아이엠
092200,디아이씨
005610,SPC삼립
094480,갤럭시아머니트리
005945,NH투자증권우
031430,신세계인터내셔날
344820,KCC글라스
464080,에스오에스랩
065660,안트로젠
101160,월덱스
304360,에스바이오메딕스
144510,지씨셀
060980,HL홀딩스
003280,흥아해운
020000,한섬
001200,유진투자증권
110990,디아이티
000650,천일고속
072710,농심홀딩스
0015G0,그린광학
314930,바이오다인
078350,한양디지텍
200880,서연이화
101360,에코앤드림
078130,국일제지
011500,한농화성
138610,나이벡
114810,한솔아이원스
077360,덕산하이메탈
317330,덕산테코피아
098070,한텍
180400,DXVX
459510,나우로보틱스
168360,펨트론
094360,칩스앤미디어
001390,KG케미칼
101930,인화정공
003000,부광약품
274090,켄코아에어로스페이스
013030,하이록코리아
354320,알멕
091700,파트론
001530,DI동일
403550,쏘카
304100,솔트룩스
462860,더즌
481070,에이유브랜즈
199430,케이엔알시스템
027410,BGF
003800,에이스침대
006910,보성파워텍
216080,제테마
015860,일진홀딩스
004310,현대약품
138490,코오롱ENP
014940,오리엔탈정공
215000,골프존
049070,인탑스
441270,파인엠텍
035890,서희건설
000157,두산2우B
008060,대덕
037460,삼지전자
024850,HLB이노베이션
095500,미래나노텍
012030,DB
200470,에이팩트
041920,메디아나
378340,필에너지
011930,신성이엔지
419530,SAMG엔터
064820,케이프
217590,티엠씨
033790,피노
009470,삼화전기
084010,대한제강
338840,와이바이오로직스
475560,더본코리아
108860,셀바스AI
416180,신성에스티
126560,현대퓨처넷
126720,수산인더스트리
432320,KB스타리츠
272450,진에어
417310,코람코더원리츠
452260,한화갤러리아
036200,유니셈
394280,오픈엣지테크놀로지
009155,삼성전기우
084690,대상홀딩스
190510,나무가
003520,영진약품
064550,바이오니아
194370,제이에스코퍼레이션
445090,에이직랜드
156100,엘앤케이바이오
024720,콜마홀딩스
034120,SBS
017860,DS단석
306200,세아제강
001940,KISCO홀딩스
474650,링크솔루션
104700,한국철강
025860,남해화학
007690,국도화학
093520,매커스
099430,바이오플러스
294570,쿠콘
035810,이지홀딩스
234340,헥토파이낸셜
403850,더핑크퐁컴퍼니
256840,한국비엔씨
270660,에브리봇
472850,폰드그룹
482630,삼양엔씨켐
003960,사조대림
128820,대성산업
006405,삼성SDI우
203400,에이비온
018250,애경산업
051500,CJ프레시웨이
017390,서울가스
484810,티엑스알로보틱스
243070,휴온스
380550,뉴로핏
204620,글로벌텍스프리
308430,셀비온
001820,삼화콘덴서
332570,PS일렉트로닉스
393890,더블유씨피
009160,SIMPAC
448280,에코아이
010690,화신
451760,컨텍
136480,하림
265520,AP시스템
092230,KPX홀딩스
286940,롯데이노베이트
005720,넥센
002810,삼영무역
092870,엑시콘
357550,석경에이티
452430,사피엔반도체
035600,KG이니시스
123890,한국자산신탁
0008Z0,에스엔시스
285490,노바텍
236200,슈프리마
950250,테라뷰
078020,LS증권
036890,진성티이씨
389260,대명에너지
002310,아세아제지
151860,KG에코솔루션
012860,모베이스전자
005090,SGC에너지
033270,유나이티드제약
0007C0,아크릴
023410,유진기업
034830,한국토지신탁
067080,대화제약
012210,삼미금속
043150,바텍
054950,제이브이엠
206640,바디텍메드
241590,화승엔터프라이즈
211270,AP위성
086390,유니테스트
084990,헬릭스미스
051980,중앙첨단소재
002320,한진
025770,한국정보통신
003200,일신방직
019210,와이지-원
338220,뷰노
088260,이리츠코크렙
011760,현대코퍼레이션
009290,광동제약
092730,네오팜
140670,알에스오토메이션
058820,CMG제약
314130,지놈앤컴퍼니
045390,대아티아이
033530,SJG세종
377190,디앤디플랫폼리츠
096760,JW홀딩스
002900,TYM
092790,넥스틸
007160,사조산업
372170,윤성에프앤씨
170920,엘티씨
065680,우주일렉트로
003120,일성아이에스
018310,삼목에스폼
051370,인터플렉스
009680,모토닉
334890,이지스밸류플러스리츠
402030,코난테크놀로지
002230,피에스텍
900140,엘브이엠씨홀딩스
006340,대원전선
003920,남양유업
176750,듀켐바이오
053300,한국정보인증
000490,대동
042370,비츠로테크
000320,노루홀딩스
900290,GRT
000680,LS네트웍스
474170,루미르
089980,상아프론테크
108380,대양전기공업
496320,본시스템즈
013890,지누스
418550,제이오
255220,SG
244920,에이플러스에셋
004360,세방
02826K,삼성물산우B
327260,RF머트리얼즈
078520,에이블씨엔씨
006805,미래에셋증권우
001340,PKC
065710,서호전기
382900,범한퓨얼셀
092460,한라IMS
061970,LB세미콘
950170,JTC
473980,노머스
267980,매일유업
034810,해성산업
300080,플리토
013120,동원개발
0030R0,대신밸류리츠
101170,우림피티에스
144960,뉴파워프라즈마
136490,선진
080580,오킨스전자
126600,BGF에코머티리얼즈
484120,도우인시스
100120,뷰웍스
194700,노바렉스
061090,세나테크놀로지
054210,이랜텍
254490,미래반도체
182400,엔케이맥스
126700,하이비젼시스템
035150,백산
122900,아이마켓코리아
114840,아이패밀리에스씨
322310,오로스테크놀로지
001750,한양증권
001460,BYC
108670,LX하우시스
005710,대원산업
003220,대원제약
241770,메카로
010580,에스엠벡셀
000430,대원강업
264850,이랜시스
005500,삼진제약
000050,경방
121800,비덴트
232680,라온로보틱스
035510,신세계 I&C
032940,원익
299030,하나기술
365270,큐라클
377460,위니아에이드
023760,한국캐피탈
084850,아이티엠반도체
033920,무학
214180,헥토이노베이션
0015S0,페스카로
082800,비보존 제약
389020,자람테크놀로지
217270,넵튠
243840,신흥에스이씨
115450,HLB테라퓨틱스
001630,종근당홀딩스
008490,서흥
007860,서연
037710,광주신세계
226320,잇츠한불
001790,대한제당
007570,일양약품
234030,싸이닉솔루션
457550,우진엔텍
452450,피아이이
030210,다올투자증권
371950,풍원정밀
043370,피에이치에이
079960,동양이엔피
235980,메드팩토
067390,아스트
042420,네오위즈홀딩스
083310,엘오티베큠
001130,대한제분
018000,유니슨
058430,포스코스틸리온
488280,에스투더블유
036800,나이스정보통신
293780,압타바이오
323990,박셀바이오
007460,에이프로젠
179290,엠아이텍
088800,에이스테크
001230,동국홀딩스
004980,성신양회
010955,S-Oil우
950140,잉글우드랩
118990,모트렉스
005950,이수화학
456010,아이씨티케이
086890,이수앱지스
237880,클리오
017890,한국알콜
095570,AJ네트웍스
112290,와이씨켐
041020,폴라리스오피스
054450,텔레칩스
260870,SK시그넷
439090,마녀공장
115310,인포바인
102120,어보브반도체
210980,SK디앤디
051360,토비스
036030,케이티알파
028100,동아지질
353810,이지바이오
005010,휴스틸
000540,흥국화재
094820,일진파워
361390,제노코
051905,LG생활건강우
025620,차AI헬스케어
053210,스카이라이프
290740,액트로
487570,HS효성
024060,흥구석유
003070,코오롱글로벌
241520,DSC인베스트먼트
095700,제넥신
334970,프레스티지바이오로직스
033160,엠케이전자
039840,디오
012200,계양전기
199820,제일일렉트릭
005680,삼영전자
117580,대성에너지
084680,이월드
064290,인텍플러스
092070,디엔에프
330860,네패스아크
073490,이노와이어리스
003350,한국화장품제조
461300,아이스크림미디어
272110,케이엔제이
083930,아바코
001045,CJ우
068930,디지털대성
044450,KSS해운
404990,신한서부티엔디리츠
417010,나노팀
219130,타이거일렉
000480,CR홀딩스
356680,엑스게이트
469610,이노테크
000860,강남제비스코
001780,알루코
036560,KZ정밀
102260,동성케미컬
000140,하이트진로홀딩스
003547,대신증권2우B
123410,코리아에프티
004430,송원산업
405100,큐알티
000520,삼일제약
005430,한국공항
003610,방림
010820,퍼스텍
011690,와이투솔루션
0004V0,엔비알모션
339770,교촌에프앤비
138360,협진
123860,아나패스
476040,오가노이드사이언스
215100,로보로보
271980,제일약품
003555,LG우
214420,토니모리
282880,코윈테크
080160,모두투어
425040,티이엠씨
039570,HDC랩스
003650,미창석유
038290,마크로젠
047560,이스트소프트
134380,미원화학
025000,KPX케미칼
038390,레드캡투어
298690,에어부산
102460,이연제약
001520,동양
048870,시너지이노베이션
377450,리파인
001080,만호제강
458650,성우
047310,파워로직스
107600,새빗켐
032620,유비케어
067000,조이시티
003720,삼영
217730,강스템바이오텍
432720,퀄리타스반도체
004380,삼익THK
002150,도화엔지니어링
053690,한미글로벌
109740,디에스케이
011785,금호석유화학우
053700,삼보모터스
046440,KG모빌리언스
290690,소룩스
182360,큐브엔터
012610,경인양행
234080,JW생명과학
217820,원익피앤이
060150,인선이엔티
004560,현대비앤지스틸
146320,비씨엔씨
091580,상신이디피
260970,에스앤디
004090,한국석유
009070,KCTC
121440,골프존홀딩스
101530,해태제과식품
322180,LS티라유텍
119610,인터로조
213500,한솔제지
016580,환인제약
036190,금화피에스시
138080,오이솔루션
025820,이구산업
251370,와이엠티
290550,디케이티
160980,싸이맥스
267320,나인테크
119830,아이텍
489460,바이오비쥬
016880,웅진
078150,HB테크놀러지
039860,나노엔텍
340450,지씨지놈
475230,엔알비
013580,계룡건설
489500,엘케이켐
381620,제닉스로보틱스
019010,베뉴지
004710,한솔테크닉스
001250,GS글로벌
015230,대창단조
143160,아이디스
008970,KBI동양철관
456070,이엔셀
360070,탑머티리얼
078070,유비쿼스홀딩스
000390,삼화페인트
092130,이크레더블
081000,일진다이아
054540,삼영엠텍
187660,현대ADM
016790,현대사료
085910,네오티스
272550,삼양패키징
086820,바이오솔루션
380540,옵티코어
256940,킵스파마
097955,CJ제일제당 우
322510,제이엘케이
108230,톱텍
006060,화승인더
230240,에치에프알
333430,일승
031440,신세계푸드
452280,한선엔지니어링
293480,하나제약
158430,아톤
400760,NH올원리츠
226590,엠디바이스
140610,엔솔바이오사이언스
014280,금강공업
073010,케이에스피
305090,마이크로디지탈
321370,센서뷰
042600,새로닉스
037560,LG헬로비전
220260,켐트로스
148150,세경하이테크
445180,퓨릿
067280,멀티캠퍼스
217330,싸이토젠
101970,우양에이치씨
293580,나우IB
166480,코아스템켐온
336680,탑런토탈솔루션
010100,한국무브넥스
002100,경농
264450,유비쿼스
011040,경동제약
264660,씨앤지하이테크
413630,씨피시스템
023910,대한약품
365330,에스와이스틸텍
000300,DH오토넥스
321550,티움바이오
418420,라온텍
071840,롯데하이마트
002170,삼양통상
052330,코텍
071200,인피니트헬스케어
098120,마이크로컨텍솔
001360,삼성제약
054920,한컴위드
000020,동화약품
263860,지니언스
018470,조일알미늄
069510,에스텍
040300,YTN
123690,한국화장품
214680,디알텍
234690,녹십자웰빙
297890,HB솔루션
003460,유화증권
462520,조선내화
090350,노루페인트
056090,시지메드텍
016450,한세예스24홀딩스
036220,오상헬스케어
388050,지투파워
053080,케이엔솔
100250,진양홀딩스
011000,진원생명과학
085670,뉴프렉스
308080,바이젠셀
203650,드림시큐리티
104480,티케이케미칼
003310,대주산업
297090,씨에스베어링
122990,와이솔
066620,국보디자인
033340,좋은사람들
059270,해성에어로보틱스
019440,세아특수강
086980,쇼박스
009270,신원
289930,웨이비스
317400,자이에스앤디
101330,모베이스
095190,이엠코리아
205100,엑셈
107590,미원홀딩스
008350,남선알미늄
092220,KEC
307750,국전약품
066410,버킷스튜디오
136150,원일티엔아이
00279K,아모레퍼시픽홀딩스3우C
049950,미래컴퍼니
046070,코다코
460940,피앤에스로보틱스
039830,오로라
240550,동방메디컬
439580,블루엠텍
021080,에이티넘인베스트
460850,동국씨엠
011560,세보엠이씨
008110,대동전자
035080,그래디언트
310200,애니플러스
045970,코아시아
008830,대동기어
337930,젝시믹스
002390,한독
382840,원준
096250,와이즈넛
357580,아모센스
122450,KX
005160,동국산업
493330,지에프아이
080420,모다이노칩
023600,삼보판지
217950,파마리서치바이오
294140,레몬
246710,티앤알바이오팹
002990,금호건설
250060,모비스
000700,유수홀딩스
464490,쿼드메디슨
007330,푸른저축은행
000970,한국주철관
104460,디와이피엔에프
070960,모나용평
229500,노브메타파마
259630,엠플러스
143240,사람인
008040,사조동아원
299170,더블유에스아이
013990,아가방컴퍼니
025950,동신건설
263720,디앤씨미디어
017510,세명전기
006620,동구바이오제약
003830,대한화섬
331740,아우토크립트
071280,로체시스템즈
417970,모델솔루션
086960,MDS테크
037070,파세코
009580,무림P&P
063080,컴투스홀딩스
081180,쎄크
012320,경동인베스트
019680,대교
408920,메쎄이상
027970,한국제지
298000,효성화학
417840,저스템
083420,그린케미칼
201490,미투온
004970,신라교역
317830,에스피시스템스
432470,케이엔에스
089470,HDC현대EP
041440,현대에버다임
005990,매일홀딩스
147830,제룡산업
089600,KT나스미디어
014710,사조씨푸드
094280,효성ITX
052710,아모텍
003480,한진중공업홀딩스
210540,디와이파워
064850,에프앤가이드
402490,그린리소스
309960,LB인베스트먼트
014950,삼익제약
052420,오성첨단소재
463020,뉴엔AI
289080,SV인베스트먼트
063570,NICE인프라
126730,코칩
142210,유니트론텍
084670,동양고속
307180,아이엘
068790,DMS
049720,고려신용정보
223250,드림씨아이에스
039560,다산네트웍스
005800,신영와코루
101670,하이드로리튬
208370,셀바스헬스케어
950130,엑세스바이오
029480,광무
011280,태림포장
078000,텔코웨어
007540,샘표
125020,티씨머티리얼즈
083500,에프엔에스테크
123040,엠에스오토텍
091120,이엠텍
192440,슈피겐코리아
003100,선광
350520,이지스레지던스리츠
131030,옵투스제약
077500,유니퀘스트
255440,야스
004250,NPC
214390,경보제약
443670,에스피소프트
016710,대성홀딩스
096240,크레버스
000230,일동홀딩스
053580,웹케시
095720,웅진씽크빅
063170,서울옥션
059210,메타바이오메드
036710,심텍홀딩스
009780,엠에스씨
475580,에이럭스
015890,태경산업
010660,화천기계
251120,바이오에프디엔씨
248170,샘표식품
036420,콘텐트리중앙
377480,마음AI
032300,한국파마
024090,디씨엠
205500,넥써쓰
03473K,SK우
136540,윈스테크넷
424960,스마트레이더시스템
079430,현대리바트
074430,아미노로직스
049430,코메론
109610,에스와이
013570,디와이
078140,대봉엘에스
013310,아진산업
039980,폴라리스AI
035000,HS애드
011700,한신기계
054050,농우바이오
269620,시스웍
072870,메가스터디
044990,에이치엔에스하이텍
038110,에코플라스틱
048530,인트론바이오
030960,양지사
212560,네오오토
004150,한솔홀딩스
282720,금양그린파워
092190,서울바이오시스
084650,랩지노믹스
123330,제닉
052260,현대바이오랜드
366030,공구우먼
306040,에스제이그룹
099750,이지케어텍
049960,쎌바이오텍
205470,휴마시스
388870,파로스아이바이오
012800,대창
389030,지니너스
461030,아이엠비디엑스
172670,에이엘티
226400,오스테오닉
149950,아바텍
021820,세원정공
002200,한국수출포장
002620,제일파마홀딩스
004080,신흥
067990,도이치모터스
370090,퓨런티어
453450,그리드위즈
131370,알서포트
267290,경동도시가스
067830,세이브존I&C
014580,태경비케이
004140,동방
120030,조선선재
068240,다원시스
363280,티와이홀딩스
027710,팜스토리
016740,두올
278650,HLB바이오스텝
019180,티에이치엔
048550,SM C&C
044820,코스맥스비티아이
106190,하이텍팜
251630,브이원텍
232530,이엠티
105550,엣지파운드리
277880,티에스아이
007820,에스엠코어
005960,동부건설
139990,아주스틸
396470,워트
019550,SBI인베스트먼트
090850,현대이지웰
086670,비엠티
046120,오르비텍
246720,아스타
004840,DRB동일
006140,피제이전자
002460,HS화성
217500,러셀
007110,일신석재
015590,DKME
066590,우수AMS
039340,한국경제TV
054800,아이디스홀딩스
950220,네오이뮨텍
267850,아시아나IDT
051160,지어소프트
443250,레뷰코퍼레이션
002220,한일철강
079810,디이엔티
209640,와이제이링크
348150,고바이오랩
069460,대호에이엘
067900,와이엔텍
362320,청담글로벌
396300,세아메카닉스
014530,극동유화
024880,케이피에프
191420,테고사이언스
418470,KT밀리의서재
005860,한일사료
389140,포바이포
131400,이브이첨단소재
005870,휴니드
125210,아모그린텍
020120,키다리스튜디오
0015N0,아로마티카
063160,종근당바이오
101140,인바이오젠
093640,케이알엠
033290,로젠
017370,우신시스템
049520,유아이엘
078890,가온그룹
115500,케이씨에스
058850,KTcs
093190,빅솔론
187790,나노
086710,선진뷰티사이언스
311690,CJ 바이오사이언스
298540,더네이쳐홀딩스
013520,화승코퍼레이션
041590,플래스크
021320,KCC건설
026150,특수건설
355150,코스텍시스
004960,한신공영
413390,엠오티
347890,엠투아이
452190,한빛레이저
214260,라파스
018120,진로발효
037350,성도이엔지
163730,핑거
330730,스톤브릿지벤처스
038460,바이오스마트
047820,초록뱀미디어
417500,제이아이테크
023900,풍국주정
073560,우리손에프앤지
330350,위더스제약
065450,빅텍
023450,동남합성
303810,동국생명과학
007210,벽산
036010,아비코전자
047770,코데즈컴바인
214330,금호에이치티
003580,HLB글로벌
023800,인지컨트롤스
391710,코닉오토메이션
034590,인천도시가스
411080,샌즈랩
067290,JW신약
288330,파라택시스코리아
396270,넥스트칩
014160,대영포장
000105,유한양행우
017900,광전자
043610,KT지니뮤직
227840,현대코퍼레이션홀딩스
459550,알트
950190,고스트스튜디오
006660,삼성공조
066700,테라젠이텍스
011330,유니켐
001540,안국약품
306620,지아이에스
058630,엠게임
084730,팅크웨어
307930,컴퍼니케이
204610,티쓰리
100130,동국S&C
071670,에이테크솔루션
463480,모티브링크
011810,STX
117670,알파칩스
013360,일성건설
001020,페이퍼코리아
036580,팜스코
187870,디바이스
299900,위지윅스튜디오
382150,온코크로스
474610,RF시스템즈
000440,중앙에너비스
183490,엔지켐생명과학
014970,삼륭물산
290670,대보마그네틱
068290,삼성출판사
014790,HL D&I
003060,에이프로젠바이오로직스
264900,크라운제과
008700,아남전자
002450,삼익악기
042510,라온시큐어
041930,동아화성
017550,수산세보틱스
382800,지앤비에스 에코
207760,미스터블루
225190,LK삼양
253840,수젠텍
315640,딥노이드
100700,세운메디칼
175140,휴먼테크놀로지
038540,상상인
419050,삼기에너지솔루션즈
060590,씨티씨바이오
453860,에이에스텍
006840,AK홀딩스
060570,드림어스컴퍼니
024800,유성티엔에스
035610,솔본
064800,포니링크
105740,디케이락
011150,CJ씨푸드
296160,프로젠
065510,휴비츠
225530,HC보광산업
032560,황금에스티
009300,삼아제약
124560,태웅로직스
396690,미래에셋글로벌리츠
340930,유일에너테크
357230,에이치피오
119650,KC코트렐
049470,비트플래닛
435570,에르코스
104040,대성파인텍
206560,덱스터
163560,동일고무벨트
331380,포커스에이아이
448710,코츠테크놀로지
102370,케이옥션
456570,아이엠지티
311320,지오엘리먼트
053350,이니텍
008260,NI스틸
234300,에스트래픽
136410,아셈스
317770,엑스페릭스
005740,크라운해태홀딩스
078935,GS우
002780,진흥기업
082850,우리바이오
452400,이닉스
007980,TP
066790,씨씨에스
067570,엔브이에이치코리아
058860,KTis
013870,지엠비코리아
000180,성창기업지주
012700,리드코프
261520,이지스
480370,씨케이솔루션
376930,노을
083790,CG인바이츠
170030,현대공업
002720,국제약품
339950,아이비김영
093920,서원인텍
002600,조흥
212710,아이에스티이
241690,유니테크노
33626K,두산퓨얼셀1우
141000,비아트론
149980,하이로닉
054670,대한뉴팜
048910,대원미디어
002700,신일전자
023000,삼원강재
408900,스튜디오미르
451250,삐아
459100,위츠
024830,세원물산
348350,위드텍
014440,영보화학
289220,자이언트스텝
061250,화일약품
088390,이녹스
352090,스톰테크
058400,KNN
120240,대정화금
048430,유라테크
085310,엔케이
069540,빛과전자
004720,팜젠사이언스
004890,동일산업
001560,제일연마
382480,지아이텍
036170,에이치엠넥스
110790,크리스에프앤씨
059120,아진엑스텍
299660,셀리드
040350,크레오에스지
092040,아미코젠
039020,이건홀딩스
105330,케이엔더블유
044340,위닉스
053450,세코닉스
036630,세종텔레콤
040420,정상제이엘에스
134580,탑코미디어
273640,와이엠텍
041910,폴라리스AI파마
000590,CS홀딩스
088130,동아엘텍
072020,중앙백신
010960,삼호개발
027830,대성창투
900250,크리스탈신소재
053280,예스24
446840,지슨
302550,리메드
049180,셀루메드
011370,서한
094940,푸른기술
104200,NHN벅스
216050,인크로스
126880,제이엔케이글로벌
004650,창해에탄올
203690,아크솔루션스
130580,나이스디앤비
096775,SK이노베이션우
446540,메가터치
091440,한울소재과학
226330,신테카바이오
060560,HC홈센타
039610,화성밸브
072990,에이치시티
478560,블랙야크아이앤씨
023810,인팩
090470,제이스텍
111380,동인기연
123420,위메이드플레이
378800,샤페론
027050,코리아나
189980,흥국에프엔비
000850,화천기공
033230,인성정보
317870,엔바이오니아
419080,엔젯
079980,휴비스
260930,씨티케이
265560,영화테크
168330,내츄럴엔도텍
234100,폴라리스세원
115440,우리넷
002800,신신제약
111710,남화산업
317690,퀀타매트릭스
173130,오파스넷
042500,링네트
001275,부국증권우
104620,노랑풍선
424980,마이크로투나노
104540,코렌텍
010040,한국내화
006890,태경케미컬
475430,키스트론
036090,위지트
025550,한국선재
263800,데이타솔루션
004100,태양금속
417790,트루엔
228850,레이언스
142280,녹십자엠에스
163280,에어레인
032850,비트컴퓨터
208140,정다운
041520,이엘씨
0013V0,삼진식품
228670,레이
036640,HRS
066430,아이로보틱스
006490,인스코비
007280,한국특강
372910,한컴라이프케어
045660,에이텍
265740,엔에프씨
033310,엠투엔
099410,동방선기
348080,큐라티스
338100,NH프라임리츠
092780,DYP
094850,참좋은여행
262260,에이프로
222810,세토피아
019990,에너토크
175250,아이큐어
033320,제이씨현시스템
204840,지엘팜텍
187420,HLB제넥스
012690,모나리자
001290,상상인증권
011390,부산산업
009770,삼정펄프
412540,제일엠앤에스
307870,비투엔
097800,윈팩
242040,나무기술
214270,FSN
054620,APS
089850,유비벨록스
009200,무림페이퍼
215360,우리산업
096350,대창솔루션
263600,덕우전자
020710,시공테크
006880,신송홀딩스
001470,삼부토건
347000,센코
222160,NPX
451220,아이엠티
318160,셀바이오휴먼텍
014470,부방
009180,한솔로지스틱스
001260,남광토건
066310,큐에스아이
007590,동방아그로
006090,사조오양
011320,유니크
222420,쎄노텍
052220,iMBC
002795,아모레퍼시픽홀딩스우
140070,서플러스글로벌
024910,경창산업
294630,서남
351330,이삭엔지니어링
003780,진양산업
032540,TJ미디어
357880,SKAI
347860,알체라
384470,코어라인소프트
153710,옵티팜
060310,3S
159580,제로투세븐
063440,SM Life Design
054040,한국컴퓨터
217190,제너셈
054300,팬스타엔터프라이즈
024740,한일단조
393210,토마토시스템
005750,대림바스
457370,한켐
241790,티이엠씨씨엔에스
388790,라이콤
950200,소마젠
010280,아이티센엔텍
199550,레이저옵텍
171120,라이온켐텍
004590,한국가구
033170,시그네틱스
261780,차백신연구소
032860,더라미
046210,HLB파나진
043710,서울리거
040910,아이씨디
041460,한국전자인증
120115,코오롱인더우
016250,SGC E&C
065500,오리엔트정공
013700,까뮤이앤씨
000220,유유제약
246960,SCL사이언스
004830,덕성
302430,이노메트리
128660,피제이메탈
323350,다원넥스뷰
270520,앱튼
049480,오픈베이스
081150,티플랙스
017650,대림제지
377030,비트맥스
002760,보락
111110,호전실업
004440,삼일씨엔에스
137950,제이씨케미칼
065170,비엘팜텍
192250,케이사인
018500,동원금속
071090,하이스틸
031820,아이티센씨티에스
016090,대현
196300,HLB펩
155650,와이엠씨
900260,로스웰
078590,휴림에이텍
037030,파워넷
053260,금강철강
460870,에스엠씨지
053050,지에스이
046940,우원개발
347740,피엔케이피부임상연구센타
122690,서진오토모티브
039240,경남스틸
072770,멤레이비티
222110,팬젠
129260,인터지스
068330,일신바이오
290660,네오펙트
340360,다보링크
234920,자이글
094840,슈프리마에이치큐
162300,신스틸
099220,SDN
004540,깨끗한나라
012790,신일제약
036670,삼양케이씨아이
043650,국순당
0010V0,제이피아이헬스케어
373200,엑스플러스
037950,엘컴텍
055490,테이팩스
024900,디와이덕양
100030,인지소프트
393970,대진첨단소재
333620,엔시스
042940,상지건설
007370,진양제약
37550L,DL이앤씨2우(전환)
288620,에스퓨얼셀
317530,캐리소프트
215090,솔디펜스
407400,꿈비
014190,원익큐브
039010,현대에이치티
033130,디지틀조선
036000,예림당
369370,블리츠웨이엔터테인먼트
159010,아스플로
049550,잉크테크
010470,오리콤
479960,위너스
073640,테라사이언스
352910,오비고
109860,동일금속
001380,SG글로벌
219420,링크제니시스
122350,삼기
092440,기신정기
365590,하이딥
000910,유니온
080010,이상네트웍스
062970,한국첨단소재
092300,현우산업
017480,삼현철강
388610,지에프씨생명과학
290720,푸드나무
076610,해성옵틱스
129920,대성하이텍
273060,와이즈버즈
036120,서울평가정보
038680,에스넷
052790,액토즈소프트
054930,유신
241840,에이스토리
053270,구영테크
200230,텔콘RF제약
043910,자연과환경
476080,M83
403490,우듬지팜
317850,대모
087260,모바일어플라이언스
066980,한성크린텍
332370,아이디피
452160,제이엔비
378850,화승알앤에이
180060,탑선
039420,케이엘넷
222040,코스맥스엔비티
067370,선바이오
095270,웨이브일렉트로
000725,현대건설우
133820,화인베스틸
003010,혜인
277070,린드먼아시아
432430,와이랩
002630,오리엔트바이오
145170,노브랜드
317240,TS트릴리온
303360,프로티아
052900,KX하이텍
023960,에쓰씨엔지니어링
127980,화인써키트
142760,모아라이프플러스
003925,남양유업우
160550,NEW
064240,홈캐스트
100220,비상교육
047400,유니온머티리얼
001210,금호전기
185490,아이진
261200,덴티스
246690,TS인베스트먼트
373170,엠아이큐브솔루션
004060,SG세계물산
023440,제이스코홀딩스
221800,유투바이오
128540,에코캡
419120,산돌
413640,비아이매트릭스
019540,일지테크
364950,에이아이코리아
004910,조광페인트
046970,우리로
466410,사이냅소프트
065530,와이어블
311390,네오크레마
198440,강동씨앤엘
037330,인지디스플레
357250,미래에셋맵스리츠
064480,브리지텍
046310,백금T&A
005305,롯데칠성우
088340,유라클
082210,옵트론텍
053980,오상자이엘
072470,우리산업홀딩스
260660,알리코제약
320000,한울반도체
263690,디알젬
050960,수산아이앤티
040610,SG&G
042110,에스씨디
005670,푸드웰
218150,미래생명자원
452200,민테크
100660,서암기계공업
155660,DSR
000950,전방
045340,토탈소프트
024840,KBI메탈
087600,픽셀플러스
122830,원포유
004450,삼화왕관
294090,이오플로우
007720,소노스퀘어
021050,서원
011300,성안머티리얼스
017040,광명전기
177900,쓰리에이로직스
017180,명문제약
119500,포메탈
373160,데이원컴퍼니
052670,제일바이오
089790,제이티
015710,코콤
002140,고려산업
308170,씨티알모빌리티
173940,에프엔씨엔터
037760,쎄니트
078860,스테이지원엔터
001620,케이비아이동국실업
206400,베노티앤알
038070,서린바이오
321820,아티스트컴퍼니
075180,새론오토모티브
122310,제노레이
114450,그린생명과학
471820,셀로맥스사이언스
058730,다스코
065130,탑엔지니어링
037440,희림
199480,뱅크웨어글로벌
314140,알피바이오
227950,엔투텍
007815,코리아써우
033830,티비씨
072130,유엔젤
025560,미래산업
010240,흥국
041650,상신브레이크
28513K,SK케미칼우
123840,뉴온
004920,씨아이테크
186230,그린플러스
440290,HB인베스트먼트
099520,DGI
051490,나라엠앤디
014990,인디에프
067920,이글루
137080,나래나노텍
073570,리튬포어스
171010,램테크놀러지
352700,씨앤투스
038880,아이에이
008370,원풍
256630,포인트엔지니어링
245620,EDGC
004770,써니전자
061040,알에프텍
048770,TPC
001550,조비
123700,SJM
057680,티사이언티픽
054780,키이스트
237820,플레이디
263700,케어랩스
000890,보해양조
097780,에코볼트
090410,덕신이피씨
004780,대륙제관
004410,서울식품
238120,얼라인드
003475,유안타증권우
080530,코디
011230,삼화전자
096630,에스코넥
066130,하츠
069410,엔텔스
170790,파이오링크
100590,머큐리
001000,신라섬유
189690,포시에스
361570,알비더블유
003080,SB성보
009190,대양금속
010770,평화홀딩스
002920,유성기업
032790,엠젠솔루션
481850,신한글로벌액티브리츠
013720,THE CUBE&
066670,디티씨
037230,한국팩키지
069730,DSR제강
217480,에스디생명공학
109960,앱토크롬
024950,삼천리자전거
071950,코아스
250000,보라티알
093240,형지엘리트
053620,태양
025530,SJM홀딩스
011420,갤럭시아에스엠
105760,포스뱅크
195990,에이비프로바이오
009835,한화솔루션우
184230,SGA솔루션즈
363260,모비데이즈
033200,모아텍
007610,선도전기
006370,대구백화점
036180,지더블유바이텍
004870,티웨이홀딩스
286750,나노실리칸첨단소재
464280,티디에스팜
009320,아진전자부품
007680,대원
088910,동우팜투테이블
038010,제일테크노스
033540,파라텍
002410,범양건영
007530,와이엠
223310,사토시홀딩스
464500,아이언디바이스
290090,트윔
056700,신화인터텍
037370,EG
090080,평화산업
044960,이글벳
219550,디와이디
450520,인스웨이브
200350,아티스트스튜디오
056360,코위버
271830,팸텍
351870,차이커뮤니케이션
198080,캐프
224110,에이텍모빌리티
021880,메이슨캐피탈
465480,인스피언
118000,메타케어
006980,우성
001465,BYC우
096610,알에프세미
052860,아이앤씨
321260,프로이천
430690,한싹
064090,인크레더블버즈
032960,동일기연
376290,씨유테크
060850,영림원소프트랩
354200,엔젠바이오
455180,케이지에이
263810,상신전자
263770,유에스티
039290,인포뱅크
023350,한국종합기술
359090,씨엔알리서치
417860,오브젠
097870,효성오앤비
025440,DH오토웨어
208860,다산디엠씨
219750,한국비티비
012280,영화금속
109080,옵티시스
239890,피엔에이치테크
462510,라메디텍
148780,비큐AI
068050,팬엔터테인먼트
190650,코리아에셋투자증권
103840,우양
052460,아이크래프트
307280,원바이오젠
336060,웨이버스
109820,진매트릭스
450330,하스
006125,SK디스커버리우
300120,라온피플
057540,옴니시스템
049830,승일
258610,케일럼
025750,한솔홈데코
464580,닷밀
033560,블루콤
257370,피엔티엠에스
420570,제이투케이바이오
469750,아이비젼웍스
434480,모니터랩
008870,금비
089150,케이씨티
356890,싸이버원
340810,시선AI
257990,나우코스
027740,마니커
053950,경남제약
357430,마스턴프리미어리츠
006740,블루산업개발
153460,네이블
081580,성우전자
082660,코스나인
027580,상보
418250,시큐레터
026040,제이에스티나
057030,YBM넷
200780,비씨월드제약
220180,핸디소프트
051630,진양화학
079000,와토스코리아
37550K,DL이앤씨우
002880,대유에이텍
043100,알파AI
126640,화신정공
065950,웰크론
002290,삼일기업공사
203450,유니온바이오메트릭스
178780,일월지엠엘
335810,프리시젼바이오
012160,영흥
460470,아이빔테크놀로지
040160,누리플렉스
024940,PN풍년
444530,심플랫폼
046390,삼화네트웍스
020760,일진디스플
150900,파수
003465,유화증권우
143540,영우디에스피
049080,기가레인
003535,한화투자증권우
008250,이건산업
355390,크라우드웍스
376180,피코그램
006050,국영지앤엠
073110,엘엠에스
019175,신풍제약우
083550,케이엠
291650,압타머사이언스
036690,코맥스
084180,수성웹툰
065370,위세아이텍
475460,미트박스
239340,이스트에이드
067170,오텍
465770,STX그린로지스
025880,케이씨피드
221840,하이즈항공
014910,성문전자
072950,빛샘전자
060900,에이전트AI
270870,뉴트리
210120,캔버스엔
014570,고려제약
353590,오토앤
342870,오아
019770,서연탑메탈
254120,자비스
131100,티엔엔터테인먼트
094970,제이엠티
277410,인산가
016600,큐캐피탈
109070,주성코퍼레이션
332290,누보
239610,에이치엘사이언스
106240,파인테크닉스
195500,마니커에프앤지
145270,케이탑리츠
140520,대창스틸
438700,버넥트
191410,육일씨엔에쓰
452300,캡스톤파트너스
066900,디에이피
133750,메가엠디
301300,바이브컴퍼니
101240,씨큐브
051390,YW
256150,한독크린텍
290120,DH오토리드
189330,씨이랩
091590,남화토건
070300,엑스큐어
038870,에코바이오
086040,바이오톡스텍
134790,시디즈
406820,뷰티스킨
900270,헝셩그룹
066910,손오공
200580,메디쎄이
050860,아세아텍
090370,메타랩스
123570,이엠넷
052600,한네트
377220,프롬바이오
042040,케이피엠테크
038620,위즈코프
114630,폴라리스우노
140430,카티스
000760,이화산업
221980,케이디켐
043340,에쎈테크
318020,포인트모바일
056730,CNT85
008420,문배철강
263020,디케이앤디
387570,파인메딕스
024120,KB오토시스
129890,앱코
019490,엑시큐어하이트론
053160,프리엠스
318410,비비씨
431190,케이쓰리아이
189860,서전기전
050110,캠시스
096690,에이루트
115610,이미지스
297570,알로이스
075970,동국알앤에스
026940,부국철강
002360,SH에너지화학
229000,젠큐릭스
337840,유엑스엔
318000,KBG
204020,그리티
147760,피엠티
049800,우진플라임
000215,DL우
099390,브레인즈컴퍼니
177830,파버나인
215380,우정바이오
075130,플랜티넷
101000,KS인더스트리
065440,이루온
045060,오공
009810,플레이그램
452980,신한제11호스팩
475660,에스켐
021650,한국큐빅
146060,율촌
020180,대신정보통신
340440,세림B&G
208640,썸에이지
397810,애드포러스
064520,테크엘
462310,뉴키즈온
052300,오션인더블유
115160,휴맥스
250030,진코스텍
031310,아이즈비전
238090,앤디포스
291230,엔피
303530,이노뎁
005030,부산주공
123010,아이윈플러스
086060,진바이오텍
127710,아시아경제
069140,누리플랜
013810,스페코
115480,씨유메디칼
398120,에스지헬스케어
089140,넥스턴앤롤코리아
900340,윙입푸드
074610,이엔플러스
017000,신원종합개발
130500,GH신소재
109670,씨싸이트
032580,피델릭스
263920,휴엠앤씨
089230,THE E&M
071850,캐스텍코리아
000040,KR모터스
274400,이노시뮬레이션
192410,오늘이엔엠
232830,아이티센피엔에스
389680,유디엠텍
050120,ES큐브
290270,휴네시온
187270,신화콘텍
066360,체리부로
262840,아이퀘스트
196450,코아시아씨엠
238490,힘스
237750,피앤씨테크
298060,에스씨엠생명과학
33637K,솔루스첨단소재1우
35320K,대덕전자1우
196490,디에이테크놀로지
440320,오픈놀
335870,윙스풋
900310,컬러레이
006920,모헨즈
001840,이화공영
236810,엔비티
284620,카이노스메드
009730,이렘
225220,제놀루션
002870,신풍
012620,원일특강
169330,엠브레인
085810,알티캐스트
068940,셀피글로벌
462980,아이지넷
360350,코셈
101400,엔시트론
131220,대한과학
367000,플래티어
228340,동양파일
372800,아이티아이즈
024890,대원화성
227420,도부
005360,모나미
019660,글로본
354390,바스칸바이오제약
080520,오디텍
131760,파인텍
059100,아이컴포넌트
083660,CSA 코스믹
060540,에스에이티
018680,서울제약
351320,넥사다이내믹스
279600,미디어젠
001070,대한방직
258790,소프트캠프
035200,프럼파스트
153490,우리이앤엘
014130,한익스프레스
376980,원티드랩
466910,엔에이치스팩30호
138070,신진에스엠
008470,부스타
139670,키네마스터
022220,티케이지애강
079170,한창산업
900300,오가닉티코스메틱
060230,제이케이시냅스
222980,한국맥널티
179530,애드바이오텍
013000,세우글로벌
004365,세방우
005820,원림
016100,리더스코스메틱
252500,세화피앤씨
023790,동일스틸럭스
216400,인바이츠바이오코아
038060,루멘스
446070,유니드비티플러스
043200,파루
049120,파인디앤씨
317120,라닉스
495810,유비씨
270210,에스알바이오텍
018700,바른손
002690,동일제강
033250,체시스
094860,네오리진
208710,포톤
188040,바이오포트
032750,삼진
002025,코오롱우
023150,MH에탄올
446440,에피바이오텍
045300,성우테크론
048470,대동스틸
148930,에이치와이티씨
003680,한성기업
009140,경인전자
069920,엑시온그룹
322780,코퍼스코리아
196700,웹스
193250,링크드
417180,핑거스토리
333050,모코엠시스
006200,한국전자홀딩스
159910,에코글로우
006570,대림통상
001810,무림SP
290560,신시웨이
080470,성창오토텍
011090,에넥스
457600,벡트
002820,SUN&L
038530,케이바이오
308100,형지글로벌
383930,디티앤씨알오
095910,에스에너지
148250,알엔투테크놀로지
088280,쏘닉스
053290,NE능률
363250,진시스템
131090,시큐브
405920,나라셀라
016670,디모아
007120,미래아이앤지
009460,한창제지
038950,파인디지털
068100,케이웨더
432980,엠에프씨
067010,이씨에스
246250,에스엘에스바이오
451700,엔에이치스팩29호
011080,형지I&C
290520,신도기연
047080,한빛소프트
090150,아이윈
010400,우진아이엔에스
076080,웰크론한텍
088290,이원컴포텍
112190,KC산업
051380,피씨디렉트
412350,레이저쎌
403360,라피치
362990,드림인사이트
33626L,두산퓨얼셀2우B
002420,세기상사
198940,한주라이트메탈
058110,멕아이씨에스
227610,아우딘퓨쳐스
288980,모아데이타
004270,남성
031510,오스템
060380,동양에스텍
103230,에스앤더블류
069640,한세엠케이
377330,이지트로닉스
162120,루켄테크놀러지스
214610,롤링스톤
035460,기산텔레콤
197140,디지캡
434190,탈로스
009620,삼보산업
005320,온타이드
312610,에이에프더블류
187220,디티앤씨
034940,조아제약
010640,진양폴리
318010,팜스빌
079650,서산
045510,정원엔시스
296640,이노룰스
032680,소프트센
007770,한일화학
331520,밸로프
240600,유진테크놀로지
328380,솔트웨어
093380,풍강
303030,지니틱스
355690,에이텀
267790,배럴
033050,제이엠아이
131180,딜리
278990,EMB
043220,티에스넥스젠
429270,시지트로닉스
070590,한솔인티큐브
024070,WISCOM
258830,세종메디칼
030720,동원수산
023770,플레이위드
091340,S&K폴리텍
419540,비스토스
032080,아즈텍WB
217620,선샤인푸드
016920,카스
464680,KB제27호스팩
418620,E8
036480,대성미생물
263050,유틸렉스
373110,엑셀세라퓨틱스
348030,모비릭스
044380,주연테크
243870,아이티센코어
45226K,한화갤러리아우
276730,한울앤제주
021040,대호특수강
233990,질경이
005110,한창
291810,핀텔
285800,진영
051780,큐로홀딩스
002210,동성제약
310870,디와이씨
003495,대한항공우
101680,한국정밀기계
311060,엘에이티
008775,호텔신라우
309930,조이웍스앤코
113810,디젠스
059180,엔더블유시
353190,휴럼
012340,뉴인텍
054220,비츠로시스
143210,핸즈코퍼레이션
039740,한국정보공학
415380,스튜디오삼익
206950,볼빅
035620,바른손이앤에이
084870,TBH글로벌
067730,로지시스
900110,이스트아시아홀딩스
208350,지란지교시큐리티
276040,스코넥
137940,넥스트아이
900100,애머릿지
002070,비비안
037400,우리엔터프라이즈
226340,본느
130740,티피씨글로벌
015020,이스타코
088790,진도
238200,비피도
179720,머니무브
001420,태원물산
115570,스타플렉스
304840,피플바이오
039310,세중
139050,BF랩스
331920,셀레믹스
002355,넥센타이어1우B
347770,핌스
154030,아시아종묘
065650,하이퍼코퍼레이션
053060,세동
192390,윈하이텍
123750,알톤
207490,에이펙스인텍
204630,스튜디오산타클로스
063760,이엘피
001685,대상우
044780,에이치케이
00499K,롯데지주우
177350,베셀
065150,대산F&B
900070,글로벌에스엠
352940,인바이오
032280,삼일
076340,지에이이노더스
018620,우진비앤지
083640,인콘
073540,에프알텍
008600,윌비스
019685,대교우B
225590,패션플랫폼
199730,바이오인프라
289010,아이스크림에듀
176590,코나솔
054940,엑사이엔씨
091970,나노캠텍
247660,나노씨엠에스
0115H0,삼성스팩13호
043360,디지아이
405000,플라즈맵
215790,이노인스트루먼트
001770,SHD
002680,한탑
336040,타스컴
044480,빌리언스
028080,휴맥스홀딩스
065690,파커스
080720,한국유니온제약
110020,전진바이오팜
424760,벨로크
017250,인터엠
230980,비유테크놀러지
115530,씨엔플러스
084440,유비온
045520,크린앤사이언스
121890,에스디시스템
005257,녹십자홀딩스2우
054410,케이피티유
351020,미쥬
098660,에스티오
025870,신라에스지
365900,브이씨
102950,아하
050760,에스폴리텍
154040,다산솔루에타
025890,한국주강
344860,이노진
18064K,한진칼우
224060,더코디
032800,판타지오
361670,삼영에스앤씨
012170,아센디오
054090,삼진엘앤디
014100,메디앙스
096870,엘디티
134060,이퓨쳐
052960,태양3C
322970,무진메디
215480,토박스코리아
191600,블루탑
233250,메디안디노스틱
009310,참엔지니어링
015260,에이엔피
222670,플럼라인생명과학
327610,펨토바이오메드
008500,일정실업
073190,듀오백
403810,아이엘로보틱스
067770,세진티에스
032980,바이온
217880,틸론
079950,인베니아
317860,노드메이슨
106080,케이이엠텍
060480,국일신동
079190,케스피온
043590,웰킵스하이텍
368970,오에스피
008290,원풍물산
020400,대동금속
065060,지엔코
083470,이엠앤아이
368600,아이씨에이치
145210,다이나믹디자인
331660,한국미라클피플사
009440,KC그린홀딩스
086220,광동헬스바이오
048830,엔피케이
019570,플루토스
169670,코스텍시스템
108675,LX하우시스우
477380,미래에셋비전스팩4호
026910,광진실업
341170,퓨쳐메디신
275630,에스에스알
241820,피씨엘
482680,미래에셋비전스팩7호
254160,제이엠멀티
379390,이성씨엔아이
065420,에스아이리소스
005725,넥센우
313760,캐리
000087,하이트진로2우B
050090,비케이홀딩스
476710,타조이엔터테인먼트
204210,스타에스엠리츠
106520,노블엠앤비
001795,대한제당우
0072Z0,KB제33호스팩
900120,씨엑스아이
069330,유아이디
457630,대신밸런스제16호스팩
0101C0,하나36호스팩
035290,골드앤에스
469880,하나30호스팩
152550,한국ANKOR유전
030350,드래곤플라이
477340,에이치엠씨제7호스팩
0044K0,삼성스팩10호
065770,CS
302920,더콘텐츠온
368030,창대정밀
092600,앤씨앤
227100,프로브잇
027040,서울전자통신
238170,엔에스엠
058450,한주에이알티
060260,뉴보텍
188260,세니젠
473050,유안타제15호스팩
250930,예선테크
225430,케이엠제약
478440,미래에셋비전스팩6호
208850,이비테크
479880,한국제15호스팩
0099W0,미래에셋비전스팩11호
140910,에이리츠
145995,삼양사우
489480,키움제11호스팩
352770,셀레스트라
33637L,솔루스첨단소재2우B
244460,올리패스
481890,엔에이치스팩31호
0096B0,삼성스팩12호
149010,아이케이세미콘
471050,대신밸런스제17호스팩
052770,아이톡시
0099X0,IBKS제25호스팩
489730,디비금융제13호스팩
0097F0,미래에셋비전스팩10호
38380K,LX홀딩스1우
477760,DB금융스팩12호
478390,KB제29호스팩
482520,교보16호스팩
0037T0,KB제32호스팩
0093G0,미래에셋비전스팩8호
054180,메디콕스
492220,KB제31호스팩
004255,NPC우
0054V0,엔에이치스팩32호
084695,대상홀딩스우
001067,JW중외제약2우B
0091W0,신영스팩11호
0088D0,메리츠제1호스팩
065570,삼영이엔씨
456190,큐라켐
482690,대신밸런스제19호스팩
0041L0,하나35호스팩
224760,엔에스컴퍼니
473370,비엔케이제2호스팩
477470,미래에셋비전스팩5호
0071M0,삼성스팩11호
474660,신한제12호스팩
487360,신한제14호스팩
03481K,해성산업1우
469900,하나31호스팩
00781K,코리아써키트2우B
060240,스타코링크
454640,하나29호스팩
496070,신한제16호스팩
0105P0,유진스팩12호
289170,바이오텐
00806K,대덕1우
474490,유안타제16호스팩
444920,유안타제11호스팩
486630,KB제30호스팩
0098T0,교보19호스팩
489210,교보17호스팩
452670,상상인제4호스팩
0096D0,미래에셋비전스팩9호
000225,유유제약1우
004105,태양금속우
031860,디에이치엑스컴퍼니
0004Y0,디비금융제14호스팩
121850,코이즈
001515,SK증권우
003075,코오롱글로벌우
199150,데이터스트림즈
493790,유안타제17호스팩
455910,에스케이증권제9호스팩
455310,한화플러스제4호스팩
0041B0,교보18호스팩
472220,신영스팩10호
466690,키움히어로제1호스팩
478110,이베스트스팩6호
244880,나눔테크
001755,한양증권우
498390,한화플러스제5호스팩
114920,대주이엔티
238500,로보쓰리에이아이
318660,타임기술
044180,KD
390110,애니메디솔루션
488060,유진스팩11호
001065,JW중외제약우
006345,대원전선우
450940,유안타제14호스팩
004835,덕성우
469480,IBKS제24호스팩
467930,IBKS제23호스팩
484130,하나34호스팩
253610,루트락
012205,계양전기우
462020,에이치엠씨제6호스팩
473950,에스케이증권제13호스팩
464440,한국제13호스팩
487830,신한제15호스팩
178600,대동고려삼
487720,키움제10호스팩
251280,안지오랩
468760,유진스팩10호
456490,교보14호스팩
465320,교보15호스팩
299480,지앤이헬스케어
458610,한국제12호스팩
0068Y0,비엔케이제3호스팩
472230,에스케이증권제11호스팩
004985,성신양회우
0041J0,엘에스스팩1호
185190,수프로
224810,엄지하우스
189350,코셋
447690,아이오바이오
215570,크로넥스
346010,타이드
475250,하나33호스팩
079970,투비소프트
474930,신한제13호스팩
000325,노루홀딩스우
202960,판도라티비
212310,오건에코텍
26490K,크라운제과우
457940,에스케이증권제10호스팩
473000,에스케이증권제12호스팩
475240,하나32호스팩
266470,바이오인프라생명과학
234070,에이원알폼
311960,인터로이드
236340,메디젠휴먼케어
332190,오션스바이오
199290,바이오프로테크
090355,노루페인트우
007575,일양약품우
267080,세븐브로이맥주
000145,하이트진로홀딩스우
093510,엔지브이아이
000545,흥국화재우
066830,제노텍
101390,아이엠
092590,럭스피아
448780,마이크로엔엑스
276240,엘리비젼
266350,팡스카이
36328K,티와이홀딩스우
008355,남선알미우
217910,에스제이켐
014285,금강공업우
043090,더테크놀로지
005745,크라운해태홀딩스우
009415,태영건설우
014825,동원시스템즈우
002995,금호건설우
103660,씨앗
136660,큐엠씨
402420,켈스
258050,테크트랜스
208890,미래엔에듀파트너
116100,태양기계
341310,이앤에치
005965,동부건설우
004545,깨끗한나라우
121060,유니포인트
000227,유유제약2우B
011155,CJ씨푸드1우
236030,씨알푸드
140660,위월드
245450,씨앤에스링크
296520,가이아코퍼레이션
001525,동양우
002785,진흥기업우B
014915,성문전자우
001527,동양2우B
004415,서울식품우
002787,진흥기업2우B
223220,로지스몬
032685,소프트센우
021045,대호특수강우
413300,티엘엔지니어링
266170,레드우즈
217320,썬테크
149300,아퓨어스
279060,이노벡스
288490,나라소프트